{
    "0xDEF171Fe48CF0115B1d80b88dc8eAB59176FEe57": 0.0,
    "0x45a0c3C8a4d4F0E8c978E9FE3d6c0A361049891A": 0.0,
    "0xfa35113163bFD33c18A01d1A62d4D14a1Ed30a42": 0.0,
    "0xe66B31678d6C16E9ebf358268a790B763C133750": 0.0,
    "0x10Fe1dF1554A3df8EB14c675f7c96f2FD1976319": 0.0,
    "0x893837Ee290413F5349F3Ce47a665f531DF56C72": 0.0,
    "0x74de5d4FCbf63E00296fd95d33236B9794016631": 0.0,
    "0x7A6A59588B8106045303E1923227a2cefbEC2B66": 0.0,
    "0x6571d6be3d8460CF5F7d6711Cd9961860029D85F": 0.0,
    "0xd12bcdFB9A39BE79DA3bDF02557EFdcD5CA59e77": 0.0,
    "0xFd4F24676eD4588928213F37B126B53c07186F45": 0.0,
    "0xd9e1cE17f2641f24aE83637ab66a2cca9C378B9F": 0.0,
    "0x093599e111A14aaEFEf98573f26a7AA2Cc58eBff": 0.0,
    "0xd51b308c5BB8aE26f9F8cAeAC6907d39F73Bb94c": 0.0,
    "0x220bdA5c8994804Ac96ebe4DF184d25e5c2196D4": 0.0,
    "0x1111111254fb6c44bAC0beD2854e76F90643097d": 0.0,
    "0x7f7778A5A1D40423cF4D2ae276c7044F7D43848F": 0.0,
    "0x8D76a976A71b73829F4DDEAaFc48C9Cfa60E1971": 0.0,
    "0x00d5299a42033CeF812E209CE7100059f7Bd1f13": 0.0,
    "0x20d6aeaede89307c62Ee8F97653d627b15a06157": 0.0,
    "0x5c2FBe8585e8C1aBcfCBC2765629c3d479fAE077": 0.0,
    "0xa7be8b7C4819eC8edd05178673575F76974B4EaA": 0.0,
    "0xB1b419581be9a2D63e56d76F74aD0343e02D6A7C": 0.0,
    "0x451aDe6606AeD956a843235E763208Af0080385E": 0.0,
    "0x033F60907bD2b5F4EbB48DF2B13e9411E8e4959c": 0.0,
    "0xA079748329182d35e539EcA79274ed4ffBD33066": 0.0,
    "0xC5A2f28BAcF1425BFAEA14834486F0e9d0832155": 0.0,
    "0x2fEa965e184B36A364C19fBc4740D491A87E6584": 0.0,
    "0xFa71551F146873c30731C3e3d9CAF2AFbc607240": 0.0,
    "0x131e1D3507A1Bc81BF203E3161C2Ec9Fea0BA28B": 0.0,
    "0xd6Bb072838349CD6fBd69076f88F5596A590A268": 0.0,
    "0x2b92BFB9355051c0d565a93dFa42285b3FC3b5e0": 0.0,
    "0x8CEb117F98CebF18b3fB97181A8a2067FaD700d7": 0.0,
    "0x000000000035B5e5ad9019092C665357240f594e": 0.0,
    "0x839d4641F97153b0ff26aB837860c479E2Bd0242": 0.0,
    "0xF71530c1f043703085B42608ff9DCcCc43210a8E": 0.0,
    "0x15058aC839cB1Aea3fF142b1593E5882263bADaD": 0.0,
    "0xCb018790c03bDFd33A82354DEE4e320f1398d66F": 0.0,
    "0xC20003D3581DbFEa983EF36c46fa4Bb1d7D17135": 327.0,
    "0xdD9f24EfC84D93deeF3c8745c837ab63E80Abd27": 51783216.0,
    "0x36a7Ead0dbc0eA6ea766E529b4648548be1c6678": 262115697.0,
    "0xf6890e3114EbC79f56F49D0072b3aA0AF85af949": 2071972176.0,
    "0xAF838Fe6196A08f4575dB0FA7f1904137112ab3f": 2.2095959596e+20,
    "0x1671B592610FB7427Ed788B66fa3E9217fF41047": 3.1109093362476705e+20,
    "0xCb20a54C4Ed357bF7E28D1966e3F0f5215e25B37": 3.3143939394000355e+20,
    "0x5FD62c381959cc244EAd76989A60785f87E3A980": 4.024611112680783e+20,
    "0x0A0ed6600A19D3b349311e513fB9D84e288FF33C": 1e+21,
    "0xF3B23BB212567c174f356437F98544bf13164436": 1.0185572346239809e+21,
    "0xe1A16186A008846B35B39A1F9491aDDAD921B33e": 1.4577243788174188e+21,
    "0xF27a6a05D4e9B1eF9C6A90B15Aa759a135570f38": 2.1303131361012063e+21,
    "0x382fFCe2287252F930E1C8DC9328dac5BF282bA1": 2.2617665932790881e+21,
    "0x87a6877fb21d63c5a36eC894aa87a622007D31D9": 2.664156410446225e+21,
    "0xF05Abab203216009F6E41920845eD940C947Acc1": 3.238508252017349e+21,
    "0x86daab6Be2Cb675eb7496bD12a0253313430167f": 4.6494219983757855e+21,
    "0xa3A7B6F88361F48403514059F1F16C8E78d60EeC": 4.849621203487032e+21,
    "0x2256D57cb823Dde3a0E30bb229C61DAC6a2b69cF": 5.309869340974531e+21,
    "0x94c018A427e873eB4BcF0edE3889Ac0EE76911C5": 6.967942793815712e+21,
    "0xA3EB02Ffa9bF1965629fa2731b16fFEc87b86848": 7.311843276793911e+21,
    "0xD4007A323735520326CF86Be18C8089C9F99bB0c": 7.708736964902699e+21,
    "0x67F60b0891EBD842Ebe55E4CCcA1098d7Aac1A55": 1e+22,
    "0x815DcD0734daA2a4c83E0c66EFEfa8F5a0f69DEB": 1.285622336699151e+22,
    "0x934CC72Be3d9822022B77DAD69B3ca694748603A": 2.749956787645025e+22,
    "0xBCFE8EDa7801953962D0f4a2406E9F89c0Ea17e2": 2.9273948523736032e+22,
    "0x16d0259e9E1064366066cCAAa3D254fd76efdd28": 3e+22,
    "0xA2A8FF2AC4f5045aF0cdAB6F8A37Bc0072b13Fa5": 3.164844691759826e+22,
    "0x759a8ED13955a4d151405310d39a9Bb678607C9F": 4.2069e+22,
    "0x9BA7BB8c7c5BaA33C293488f8b5603c7b5353CEE": 4.2069e+22,
    "0x085A3de28ee31299f2e1316E2406fC81B8A9ebd1": 4.2069e+22,
    "0x13E8F79B9dE61e7Eb5ECc2F745f79bA52c93A71F": 4.2069e+22,
    "0x5e5F651a0520F5bFF3422F4EACB515aC5cAb6d88": 4.2069e+22,
    "0x7b78a416e7cac8541a45c8ff3CFd4c06B3F8F48a": 4.2069e+22,
    "0x0FFf73D4c54fc6460CDA981fB39a04E7D3dB195B": 4.2069e+22,
    "0xB0192C8986EbaACD70bf94FF3E174cD573440fe7": 4.228180359536077e+22,
    "0xE5B472B52C63A042435bD8621dC362B1015F7896": 5.351464971399304e+22,
    "0xAB015ED794FdE18bc5777DE278755D7Eb2230204": 7.386241568926839e+22,
    "0x9008D19f58AAbD9eD0D60971565AA8510560ab41": 8.379311479264368e+22,
    "0xB332ea3297b9175F1247c092166Bd967940454E6": 8.4138e+22,
    "0x1bfE0ADe71F4cB43E01818f0168EaF67D67741cB": 9.78977199057551e+22,
    "0x896190C4427018b453dbFbd6aCFAa28a73e73E29": 1.2337317127566247e+23,
    "0x67b14017725CD9A16908AAB37D5c6B5C026C295C": 1.42223e+23,
    "0xFbf784C8178DF8857FDe1b4b1e14870fD345F693": 1.5e+23,
    "0x9C1c6fd4C3D9b557A70486CC8F4179fBbee72606": 1.703742735332284e+23,
    "0x4BBA5F077a8fCFaF8d6d07c6cfBCE553E2d94C9c": 5.546038271087333e+23,
    "0x75e89d5979E4f6Fba9F97c104c2F0AFB3F1dcB88": 1.0772039258359035e+24,
    "0x02e7Ac540409D32C90BfB51114003a9E1fF0249c": 1.9059159056965411e+24,
    "0x2796317b0fF8538F253012862c06787Adfb8cEb6": 2.6420753459304336e+24,
    "0xe84A5A8Fa61e75b3a7F26dE3bD6F296279DaA306": 3.333333e+24,
    "0x07887Ee0Bd24E774903963d50cF4Ec6a0a16977D": 6.13162878789e+24,
    "0x17D05C8f7f495A652fE506595ecE459bFDF3Ee83": 9.75181310010596e+24,
    "0xFd8DBa176FaEF03903E0c9c4aB8b3898A6A1e409": 1.1281331903648701e+25,
    "0xe4D1664b3E3768Fb92E2A53f1D1652fDe4a1AE4a": 1.1513024024336068e+25,
    "0xCD18eAa163733Da39c232722cBC4E8940b1D8888": 1.2e+25,
    "0xE93381fB4c4F14bDa253907b18faD305D799241a": 1.6325658502264383e+25,
    "0x7731CA4d00800b6a681D031F565DeB355c5b77dA": 1.9568325182066836e+25,
    "0xc96F20099d96b37D7Ede66fF9E4DE59b9B1065b1": 2.4509601850814657e+25,
    "0x3eAB9C85718df9454aA7A1ca6BC765Bcee361617": 6.839334571914754e+25
}